name,datetime,tempmax,tempmin,temp,feelslikemax,feelslikemin,feelslike,dew,humidity,precip,precipprob,precipcover,preciptype,snow,snowdepth,windgust,windspeed,winddir,sealevelpressure,cloudcover,visibility,solarradiation,solarenergy,uvindex,severerisk,sunrise,sunset,moonphase,conditions,description,icon,stations
"43.461669783333335, 11.43091450256181",2009-03-15,18,6.8,12,18,6.8,12,6.7,73.01,0,,0,,,,,6.7,174.5,1020.9,22.9,9.9,,,,,2009-03-15T06:26:25,2009-03-15T18:20:35,0.61,Partially cloudy,Partly cloudy throughout the day.,partly-cloudy-day,"16170099999,16172099999"
"43.461669783333335, 11.43091450256181",2009-03-16,15.8,9.2,12.1,15.8,7.1,11.9,3.3,57.42,2.52,,8.33,,,,,23.9,64.9,1024.6,43.2,11.4,,,,,2009-03-16T06:24:38,2009-03-16T18:21:48,0.65,"Rain, Partially cloudy",Partly cloudy throughout the day with rain clearing later.,rain,"16170099999,16172099999,16204099999"
"43.461669783333335, 11.43091450256181",2009-03-17,17.3,3.1,11.2,17.3,3.1,11.2,-0.1,48.55,0,,0,,,,,10.5,116.9,1026.8,10,11.6,,,,,2009-03-17T06:22:51,2009-03-17T18:23:01,0.7,Clear,Clear conditions throughout the day.,clear-day,"16170099999,16172099999,16204099999"
"43.461669783333335, 11.43091450256181",2009-03-18,21.1,3.3,10.9,21.1,3.3,11,3,62.92,0,,0,,,,,9.4,183.4,1023.1,8.6,10.6,,,,,2009-03-18T06:21:04,2009-03-18T18:24:13,0.74,Clear,Clear conditions throughout the day.,clear-day,"16170099999,16172099999,16204099999"
"43.461669783333335, 11.43091450256181",2009-03-19,14.5,5.2,9.3,14.5,5.2,9.3,5.8,80.57,2.23,,4.17,,,,,11.7,146.7,1017.6,47.2,8.3,,,,,2009-03-19T06:19:17,2009-03-19T18:25:26,0.79,"Rain, Partially cloudy",Partly cloudy throughout the day with late afternoon rain.,rain,"16170099999,16172099999,16204099999"
"43.461669783333335, 11.43091450256181",2009-03-20,7.6,3.6,5.5,4.8,-1.4,1.3,-3,56.19,1.85,,4.17,,,,,32.5,57.5,1016.9,62.5,9.7,,,,,2009-03-20T06:17:29,2009-03-20T18:26:38,0.84,"Rain, Partially cloudy",Partly cloudy throughout the day with morning rain.,rain,"16170099999,16172099999,16204099999"
"43.461669783333335, 11.43091450256181",2009-03-21,8.1,2,4.5,4.4,-2.1,0.9,-3.6,56.72,0.8,,8.33,,,1,,25.9,83.6,1018.4,66.1,9,,,,,2009-03-21T06:15:41,2009-03-21T18:27:50,0.88,"Rain, Partially cloudy",Partly cloudy throughout the day with rain.,rain,"16170099999,16172099999"
"43.461669783333335, 11.43091450256181",2009-03-22,14.2,2.4,7.8,14.2,2.4,7.2,-7.2,37.11,0,,0,,,,,20.5,150.1,1018.7,6.9,11.1,,,,,2009-03-22T06:13:54,2009-03-22T18:29:02,0.92,Clear,Clear conditions throughout the day.,clear-day,"16170099999,16172099999"
"43.461669783333335, 11.43091450256181",2009-03-23,15.9,-0.3,8.1,15.9,-0.3,8,1.2,64.59,0,,0,,,,,24.2,228.8,1017,22.5,11.2,,,,,2009-03-23T06:12:06,2009-03-23T18:30:14,0.95,Partially cloudy,Partly cloudy throughout the day.,partly-cloudy-day,"16170099999,16172099999,16204099999"
"43.461669783333335, 11.43091450256181",2009-03-24,12.1,4.6,7.5,12.1,2.8,6.9,3.6,77.76,6.18,,4.17,,,,,27.1,188.7,1003.4,65.5,9.3,,,,,2009-03-24T06:10:18,2009-03-24T18:31:26,0.98,"Rain, Partially cloudy",Partly cloudy throughout the day with late afternoon rain.,rain,"16170099999,16172099999,16204099999"
"43.461669783333335, 11.43091450256181",2009-03-25,14.3,-1,7,14.3,-1,7,-1.4,61.13,0,,0,,,,,19.9,200.1,1007.7,23.6,12.2,,,,,2009-03-25T06:08:31,2009-03-25T18:32:37,1,Partially cloudy,Partly cloudy throughout the day.,partly-cloudy-day,"16170099999,16172099999,16204099999"
"43.461669783333335, 11.43091450256181",2009-03-26,16.1,3.2,9.4,16.1,3.2,9.4,0.1,60.7,0,,0,,,,,11.5,217.8,1009.2,28.4,11.9,,,,,2009-03-26T06:06:43,2009-03-26T18:33:49,1,Partially cloudy,Partly cloudy throughout the day.,partly-cloudy-day,"16170099999,16172099999,16204099999"
"43.461669783333335, 11.43091450256181",2009-03-27,15.2,3.2,9.6,15.2,3.2,9.2,5.6,76.74,0,,0,,,,,26.4,179.4,1013.1,37.9,10.4,,,,,2009-03-27T06:04:55,2009-03-27T18:35:00,0,Partially cloudy,Partly cloudy throughout the day.,partly-cloudy-day,"16170099999,16172099999,16204099999"
"43.461669783333335, 11.43091450256181",2009-03-28,15.7,6,10.9,15.7,6,10.8,7.2,79.22,1.96,,4.17,,,,,18.7,143.5,1010,76.1,10.6,,,,,2009-03-28T06:03:08,2009-03-28T18:36:11,0.02,"Rain, Partially cloudy",Partly cloudy throughout the day with late afternoon rain.,rain,"16170099999,16172099999"
"43.461669783333335, 11.43091450256181",2009-03-29,15.8,10,12.8,15.8,10,12.8,11.1,89.16,29.09,,17.39,,,,,22.3,172.8,1001.7,86.5,8.1,,,,,2009-03-29T07:01:21,2009-03-29T19:37:23,0.05,"Rain, Partially cloudy",Partly cloudy throughout the day with a chance of rain throughout the day.,rain,"16170099999,16172099999"
"43.461669783333335, 11.43091450256181",2009-03-30,18.2,11.2,14.4,18.2,11.2,14.4,9.3,72.91,0.77,,4.17,,,,,21.3,151.8,1009.9,70.1,11.2,,,,,2009-03-30T06:59:33,2009-03-30T19:38:34,0.09,"Rain, Partially cloudy",Partly cloudy throughout the day with early morning rain.,rain,"16170099999,16172099999,16204099999"
"43.461669783333335, 11.43091450256181",2009-03-31,14.4,11.3,12.7,14.4,11.3,12.7,8.5,76.01,1.15,,4.17,,,,,21.5,58,1012.6,52.9,10.5,,,,,2009-03-31T06:57:47,2009-03-31T19:39:45,0.13,"Rain, Partially cloudy",Partly cloudy throughout the day with late afternoon rain.,rain,"16170099999,16172099999,16204099999"
"43.461669783333335, 11.43091450256181",2009-04-01,18.1,7.2,12.6,18.1,7.2,12.6,9.2,81.42,2.81,,4.17,,,,,35.3,90.3,1011,79.4,10.2,,,,,2009-04-01T06:56:00,2009-04-01T19:40:56,0.19,"Rain, Partially cloudy",Partly cloudy throughout the day with early morning rain.,rain,"16170099999,16172099999,16204099999"
"43.461669783333335, 11.43091450256181",2009-04-02,20.1,9,13.7,20.1,9,13.8,10,80.81,14.38,,8.33,,,,,22.3,187,1014.5,73,10.7,,,,,2009-04-02T06:54:13,2009-04-02T19:42:07,0.24,"Rain, Partially cloudy",Partly cloudy throughout the day with rain clearing later.,rain,"16170099999,16172099999,16204099999"
"43.461669783333335, 11.43091450256181",2009-04-03,18.8,5.5,12.7,18.8,5.5,12.7,6.1,69.07,0,,0,,,,,11.4,197.7,1018.8,33.9,11.2,,,,,2009-04-03T06:52:27,2009-04-03T19:43:18,0.3,Partially cloudy,Partly cloudy throughout the day.,partly-cloudy-day,"16170099999,16172099999,16204099999"
"43.461669783333335, 11.43091450256181",2009-04-04,17.3,6.8,12.4,17.3,6.8,12.4,7.2,72.74,0,,0,,,,,10.1,117.2,1018.2,31.5,11.1,,,,,2009-04-04T06:50:42,2009-04-04T19:44:29,0.36,Partially cloudy,Partly cloudy throughout the day.,partly-cloudy-day,"16170099999,16172099999"
"43.461669783333335, 11.43091450256181",2009-04-05,20.7,6.8,12.4,20.7,6.8,12.4,8.1,77.74,2.52,,4.17,,,,,10.5,112.7,1018.5,35.6,9.6,,,,,2009-04-05T06:48:56,2009-04-05T19:45:40,0.4,"Rain, Partially cloudy",Partly cloudy throughout the day with late afternoon rain.,rain,"16170099999,16172099999"
"43.461669783333335, 11.43091450256181",2009-04-06,21.1,7.4,13.1,21.1,7.4,13.1,8.2,75.39,1.23,,4.17,,,,,15.6,193.5,1016.5,44.6,10.3,,,,,2009-04-06T06:47:11,2009-04-06T19:46:51,0.44,"Rain, Partially cloudy",Partly cloudy throughout the day with late afternoon rain.,rain,"16170099999,16172099999,16204099999"
"43.461669783333335, 11.43091450256181",2009-04-07,19.8,10,13.7,19.8,10,13.8,9.3,77.27,0,,0,,,,,14.5,190.9,1015.8,38.9,7.8,,,,,2009-04-07T06:45:27,2009-04-07T19:48:02,0.47,Partially cloudy,Partly cloudy throughout the day.,partly-cloudy-day,"16170099999,16172099999,16204099999"
"43.461669783333335, 11.43091450256181",2009-04-08,18.7,6.2,13.2,18.7,6.2,13.2,6.6,68.54,0,,0,,,,,10.1,193.1,1017.5,20.9,10.2,,,,,2009-04-08T06:43:43,2009-04-08T19:49:13,0.49,Partially cloudy,Partly cloudy throughout the day.,partly-cloudy-day,"16170099999,16172099999,16204099999"
"43.461669783333335, 11.43091450256181",2009-04-09,22.8,6.8,14.2,22.8,6.8,14.2,7.5,68.53,7.32,,4.17,,,,,12.7,140.1,1017,27.3,11,,,,,2009-04-09T06:41:59,2009-04-09T19:50:24,0.5,"Rain, Partially cloudy",Partly cloudy throughout the day with late afternoon rain.,rain,"16170099999,16172099999,16204099999"
"43.461669783333335, 11.43091450256181",2009-04-10,22.4,8.6,15,22.4,8.6,15,8.1,68.3,2.15,,8.33,,,,,16.9,150,1014,35.2,10.9,,,,,2009-04-10T06:40:16,2009-04-10T19:51:35,0.51,"Rain, Partially cloudy",Partly cloudy throughout the day with rain.,rain,"16170099999,16172099999,16204099999"
"43.461669783333335, 11.43091450256181",2009-04-11,22.8,10.6,15.8,22.8,10.6,15.8,8.3,65.73,0.5,,4.17,,,,,11.4,191.1,1012.3,53.6,11.1,,,,,2009-04-11T06:38:33,2009-04-11T19:52:46,0.52,"Rain, Partially cloudy",Partly cloudy throughout the day with early morning rain.,rain,"16170099999,16172099999"
"43.461669783333335, 11.43091450256181",2009-04-12,22.1,10.8,16,22.1,10.8,16,7.3,59.91,0,,0,,,,,30.6,72.4,1008.2,27.3,11,,,,,2009-04-12T06:36:51,2009-04-12T19:53:57,0.54,Partially cloudy,Partly cloudy throughout the day.,partly-cloudy-day,"16170099999,16172099999"
"43.461669783333335, 11.43091450256181",2009-04-13,21.8,12.4,16.8,21.8,12.4,16.8,4.4,44.71,0,,0,,,,,24.7,49.8,1004,22.1,10.9,,,,,2009-04-13T06:35:10,2009-04-13T19:55:08,0.57,Partially cloudy,Partly cloudy throughout the day.,partly-cloudy-day,"16170099999,16172099999"
"43.461669783333335, 11.43091450256181",2009-04-14,21.3,8.4,15,21.3,8.4,15,4.9,54.26,0,,0,,,,,14,133.2,1007.6,17.3,10.6,,,,,2009-04-14T06:33:29,2009-04-14T19:56:19,0.62,Clear,Clear conditions throughout the day.,clear-day,"16170099999,16172099999,16204099999"
"43.461669783333335, 11.43091450256181",2009-04-15,22.4,7.4,14.8,22.4,7.4,14.8,7.1,64.02,0,,0,,,,,16.7,187.6,1013,24.3,10.3,,,,,2009-04-15T06:31:49,2009-04-15T19:57:30,0.66,Partially cloudy,Partly cloudy throughout the day.,partly-cloudy-day,"16170099999,16172099999,16204099999"
"43.461669783333335, 11.43091450256181",2009-04-16,17.9,8.6,12.7,17.9,8.6,12.7,8.3,76.37,3.81,,8.33,,,,,21.2,182.3,1013.6,58.8,9.3,,,,,2009-04-16T06:30:10,2009-04-16T19:58:41,0.7,"Rain, Partially cloudy",Partly cloudy throughout the day with rain.,rain,"16170099999,16172099999,16204099999"
"43.461669783333335, 11.43091450256181",2009-04-17,15.6,10.8,12.7,15.6,10.8,12.7,9.2,80.32,12.58,,12.5,,,,,20.7,210.4,1013.1,59.5,10.4,,,,,2009-04-17T06:28:31,2009-04-17T19:59:52,0.75,"Rain, Partially cloudy",Partly cloudy throughout the day with rain.,rain,"16170099999,16172099999,16204099999"
"43.461669783333335, 11.43091450256181",2009-04-18,16.1,7,12.2,16.1,7,12.2,8.6,80.37,1.46,,8.33,,,,,12.8,184.1,1014.3,70.4,10.4,,,,,2009-04-18T06:26:53,2009-04-18T20:01:02,0.8,"Rain, Partially cloudy",Partly cloudy throughout the day with rain.,rain,"16170099999,16172099999"
"43.461669783333335, 11.43091450256181",2009-04-19,17.4,10.4,12.8,17.4,10.4,12.8,10,84.13,9.81,,12.5,,,,,16.1,176.2,1014.7,87.9,9,,,,,2009-04-19T06:25:16,2009-04-19T20:02:13,0.84,"Rain, Partially cloudy",Partly cloudy throughout the day with rain.,rain,"16170099999,16172099999"
"43.461669783333335, 11.43091450256181",2009-04-20,19,8.2,13.5,19,8.2,13.5,9,76.35,4.14,,4.17,,,,,57.9,80.2,1016.2,56.2,9.2,,,,,2009-04-20T06:23:40,2009-04-20T20:03:24,0.89,"Rain, Partially cloudy",Partly cloudy throughout the day with early morning rain.,rain,"16170099999,16172099999,16204099999"
"43.461669783333335, 11.43091450256181",2009-04-21,17,13.6,15,17,13.6,15,8.6,66.16,0.31,,4.17,,,,,17.3,87.3,1012.2,61.8,10.5,,,,,2009-04-21T06:22:05,2009-04-21T20:04:35,0.93,"Rain, Partially cloudy",Partly cloudy throughout the day with late afternoon rain.,rain,"16170099999,16172099999,16204099999"
"43.461669783333335, 11.43091450256181",2009-04-22,19.3,12.4,16,19.3,12.4,16,5.1,49.55,0.31,,4.17,,,,,20.8,50.4,1012,38,11.1,,,,,2009-04-22T06:20:30,2009-04-22T20:05:46,0.96,"Rain, Partially cloudy",Partly cloudy throughout the day with early morning rain.,rain,"16170099999,16172099999,16204099999"
"43.461669783333335, 11.43091450256181",2009-04-23,20.7,6.6,12.4,20.7,6.6,12.3,6.4,69.8,2,,4.17,,,,,19.6,99.1,1014.2,41.8,11.4,,,,,2009-04-23T06:18:57,2009-04-23T20:06:57,0.99,"Rain, Partially cloudy",Partly cloudy throughout the day with late afternoon rain.,rain,"16170099999,16172099999,16204099999"
"43.461669783333335, 11.43091450256181",2009-04-24,15.7,9.4,12.5,15.7,8.4,12.4,6,64.96,0,,0,,,,,15.3,91.1,1017.9,32.4,11.4,,,,,2009-04-24T06:17:24,2009-04-24T20:08:07,1,Partially cloudy,Partly cloudy throughout the day.,partly-cloudy-day,"16170099999,16172099999,16204099999"
"43.461669783333335, 11.43091450256181",2009-04-25,28,5.2,14.8,27.3,5.2,14.8,6.6,62.9,0,,0,,,,,10.5,210.3,1019,27.4,11.1,,,,,2009-04-25T06:15:53,2009-04-25T20:09:18,0,Partially cloudy,Partly cloudy throughout the day.,partly-cloudy-day,"16170099999,16172099999"
"43.461669783333335, 11.43091450256181",2009-04-26,16.1,11.2,13.9,16.1,11.2,13.9,11.1,83.52,2.27,,4.17,,,,,7.8,202,1016.1,69.8,10.7,,,,,2009-04-26T06:14:23,2009-04-26T20:10:28,0.01,"Rain, Partially cloudy",Partly cloudy throughout the day with afternoon rain.,rain,"16170099999,16172099999"
"43.461669783333335, 11.43091450256181",2009-04-27,19.5,10.8,14.7,19.5,10.8,14.7,11.2,80.33,1.31,,8.33,,,,,17.7,140.1,1007,71.2,9.7,,,,,2009-04-27T06:12:53,2009-04-27T20:11:39,0.04,"Rain, Partially cloudy",Partly cloudy throughout the day with rain.,rain,"16170099999,16172099999,16204099999"
"43.461669783333335, 11.43091450256181",2009-04-28,17,11.8,14,17,11.8,14,10,77.04,0.62,,8.33,,,,,16.6,181.3,1003.8,80.2,10.8,,,,,2009-04-28T06:11:25,2009-04-28T20:12:49,0.07,"Rain, Partially cloudy",Partly cloudy throughout the day with rain.,rain,"16170099999,16172099999,16204099999"
"43.461669783333335, 11.43091450256181",2009-04-29,15.2,8.3,11.6,15.2,7.8,11.4,7.4,75.92,4.27,,8.33,,,,,25.1,206.3,1009.2,59.6,11.1,,,,,2009-04-29T06:09:58,2009-04-29T20:13:59,0.12,"Rain, Partially cloudy",Partly cloudy throughout the day with rain.,rain,"16170099999,16172099999,16204099999"
"43.461669783333335, 11.43091450256181",2009-04-30,15.1,7.1,11.1,15.1,7.1,11.1,6.4,74.79,4.68,,8.33,,,,,15.1,218.7,1011.5,64.8,11.2,,,,,2009-04-30T06:08:32,2009-04-30T20:15:09,0.17,"Rain, Partially cloudy",Partly cloudy throughout the day with rain.,rain,"16170099999,16172099999,16204099999"
"43.461669783333335, 11.43091450256181",2009-05-01,22.4,7.8,15.6,22.4,7.8,15.6,6.4,60.02,0,,0,,,,,18.4,55.5,1014.3,33.7,11.3,,,,,2009-05-01T06:07:07,2009-05-01T20:16:19,0.23,Partially cloudy,Partly cloudy throughout the day.,partly-cloudy-day,"16170099999,16172099999"
"43.461669783333335, 11.43091450256181",2009-05-02,25.1,7.8,16.4,25.1,7.8,16.4,8.2,63.1,0,,0,,,,,10.9,163.3,1018.4,25,11.4,,,,,2009-05-02T06:05:44,2009-05-02T20:17:29,0.28,Partially cloudy,Becoming cloudy in the afternoon.,partly-cloudy-day,"16170099999,16172099999"
"43.461669783333335, 11.43091450256181",2009-05-03,21.1,7.1,14.6,21.1,7.1,14.6,5.7,60.69,4.29,,4.17,,,,,27.2,71.1,1021,34.1,11.4,,,,,2009-05-03T06:04:21,2009-05-03T20:18:38,0.34,"Rain, Partially cloudy",Partly cloudy throughout the day with early morning rain.,rain,"16170099999,16172099999"
"43.461669783333335, 11.43091450256181",2009-05-04,23,6.6,14.5,23,6.6,14.5,6.3,62.94,0,,0,,,,,19.3,227.1,1017.3,25.6,11.5,,,,,2009-05-04T06:03:00,2009-05-04T20:19:47,0.39,Partially cloudy,Partly cloudy throughout the day.,partly-cloudy-day,"16170099999,16172099999,16204099999"
"43.461669783333335, 11.43091450256181",2009-05-05,19.5,13.2,15.9,19.5,13.2,15.9,8.4,62.48,0.31,,4.17,,,,,15.1,97.3,1017.3,46.5,11.6,,,,,2009-05-05T06:01:41,2009-05-05T20:20:56,0.43,"Rain, Partially cloudy",Partly cloudy throughout the day with morning rain.,rain,"16170099999,16172099999,16204099999"
"43.461669783333335, 11.43091450256181",2009-05-06,21.1,7.2,14.9,21.1,7.2,14.9,7.6,64.77,0,,0,,,,,15.8,210.3,1019.2,39.2,11.2,,,,,2009-05-06T06:00:23,2009-05-06T20:22:05,0.46,Partially cloudy,Partly cloudy throughout the day.,partly-cloudy-day,"16170099999,16172099999,16204099999"
"43.461669783333335, 11.43091450256181",2009-05-07,23.5,9.4,16.3,23.5,9.4,16.4,8.6,63.88,0,,0,,,,,16.7,215.7,1020.3,10.2,11.4,,,,,2009-05-07T05:59:06,2009-05-07T20:23:13,0.49,Clear,Clear conditions throughout the day.,clear-day,"16170099999,16172099999,16204099999"
"43.461669783333335, 11.43091450256181",2009-05-08,25,7.8,16.4,25,7.8,16.4,8.7,63.69,0,,0,,,,,14.7,177,1021.8,17.7,11.7,,,,,2009-05-08T05:57:51,2009-05-08T20:24:21,0.5,Clear,Clear conditions throughout the day.,clear-day,"16170099999,16172099999,16204099999"
"43.461669783333335, 11.43091450256181",2009-05-09,25.7,10.2,18.1,25.7,10.2,18.1,8.9,59.98,0,,0,,,,,13,200.4,1022.2,20.3,11.4,,,,,2009-05-09T05:56:37,2009-05-09T20:25:29,0.5,Partially cloudy,Partly cloudy throughout the day.,partly-cloudy-day,"16170099999,16172099999"
"43.461669783333335, 11.43091450256181",2009-05-10,26.7,9.2,18.2,26.7,9.2,18.2,9,60.01,0,,0,,,,,13.7,178.3,1021.4,17.7,11.1,,,,,2009-05-10T05:55:25,2009-05-10T20:26:36,0.51,Clear,Clear conditions throughout the day.,clear-day,"16170099999,16172099999"
"43.461669783333335, 11.43091450256181",2009-05-11,26.1,9.2,18.4,26.1,9.2,18.4,7.9,55.75,0,,0,,,,,15.7,194.6,1019.9,8.4,11.3,,,,,2009-05-11T05:54:14,2009-05-11T20:27:43,0.53,Clear,Clear conditions throughout the day.,clear-day,"16170099999,16172099999,16204099999"
"43.461669783333335, 11.43091450256181",2009-05-12,26.7,10.8,18.6,26.7,10.8,18.6,8.3,54.3,0,,0,,,,,14,175.6,1019.8,10.5,11.3,,,,,2009-05-12T05:53:05,2009-05-12T20:28:49,0.55,Clear,Clear conditions throughout the day.,clear-day,"16170099999,16172099999,16204099999"
"43.461669783333335, 11.43091450256181",2009-05-13,26.5,11.8,19.5,26.5,11.8,19.5,9.3,55.82,0,,0,,,,,14,193.8,1018.2,13.1,11.6,,,,,2009-05-13T05:51:57,2009-05-13T20:29:55,0.59,Clear,Clear conditions throughout the day.,clear-day,"16170099999,16172099999,16204099999"
"43.461669783333335, 11.43091450256181",2009-05-14,25.5,10.2,18.5,25.5,10.2,18.5,7.8,54.19,0,,0,,,,,13.4,183.9,1013,24,11.8,,,,,2009-05-14T05:50:51,2009-05-14T20:31:00,0.63,Partially cloudy,Partly cloudy throughout the day.,partly-cloudy-day,"16170099999,16172099999,16204099999"
"43.461669783333335, 11.43091450256181",2009-05-15,21.4,13.6,17.8,21.4,13.6,17.8,9.9,60.89,0,,0,,,,,7.8,117.9,1010.2,54.6,11.2,,,,,2009-05-15T05:49:47,2009-05-15T20:32:05,0.67,Partially cloudy,Partly cloudy throughout the day.,partly-cloudy-day,"16170099999,16172099999,16204099999"
"43.461669783333335, 11.43091450256181",2009-05-16,29.1,14.4,21.1,28.5,14.4,21,13.8,66.58,0,,0,,,,,17.7,107.7,1012.2,37.1,11.1,,,,,2009-05-16T05:48:45,2009-05-16T20:33:09,0.71,Partially cloudy,Partly cloudy throughout the day.,partly-cloudy-day,"16170099999,16172099999"
"43.461669783333335, 11.43091450256181",2009-05-17,30.1,14.4,22.3,28.8,14.4,22.1,13.7,63.51,0,,0,,,,,15,262.2,1016.7,14.6,10.6,,,,,2009-05-17T05:47:44,2009-05-17T20:34:13,0.76,Clear,Clear conditions throughout the day.,clear-day,"16170099999,16172099999"
"43.461669783333335, 11.43091450256181",2009-05-18,27.8,14.8,21.3,27.4,14.8,21.2,12.4,60.26,0,,0,,,,,17.8,217.6,1017.2,8.2,10.4,,,,,2009-05-18T05:46:45,2009-05-18T20:35:15,0.81,Clear,Clear conditions throughout the day.,clear-day,"16170099999,16172099999,16204099999"
"43.461669783333335, 11.43091450256181",2009-05-19,29,11.4,20.3,27.5,11.4,20.1,7.9,51.04,0,,0,,,,,17.3,194.5,1018.9,1.7,11.5,,,,,2009-05-19T05:45:48,2009-05-19T20:36:17,0.86,Clear,Clear conditions throughout the day.,clear-day,"16170099999,16172099999,16204099999"
"43.461669783333335, 11.43091450256181",2009-05-20,29.4,11.2,21.1,28.1,11.2,20.8,10,52.99,0,,0,,,,,12.4,128.8,1019.5,9.2,11.6,,,,,2009-05-20T05:44:52,2009-05-20T20:37:19,0.91,Clear,Clear conditions throughout the day.,clear-day,"16170099999,16172099999,16204099999"
"43.461669783333335, 11.43091450256181",2009-05-21,31.1,14,23,29.4,14,22.6,12.4,56.49,0,,0,,,,,10.8,181.8,1017.6,8.1,11.1,,,,,2009-05-21T05:43:59,2009-05-21T20:38:19,0.95,Clear,Clear conditions throughout the day.,clear-day,"16170099999,16172099999,16204099999"
"43.461669783333335, 11.43091450256181",2009-05-22,29.4,14.8,22.6,28.4,14.8,22.4,11.9,54.73,0,,0,,,,,15.2,203.1,1017.4,10.5,10.7,,,,,2009-05-22T05:43:07,2009-05-22T20:39:18,0.98,Clear,Clear conditions throughout the day.,clear-day,"16170099999,16172099999,16204099999"
"43.461669783333335, 11.43091450256181",2009-05-23,32.1,14.8,23.3,30.5,14.8,22.9,11,49.26,0,,0,,,,,13.2,171.3,1018.6,19.2,11.1,,,,,2009-05-23T05:42:18,2009-05-23T20:40:17,1,Clear,Clear conditions throughout the day.,clear-day,"16170099999,16172099999"
"43.461669783333335, 11.43091450256181",2009-05-24,34.3,14.8,24.4,32.9,14.8,23.9,12.5,53.37,0,,0,,,,,11.2,196.2,1019.6,3.6,11.2,,,,,2009-05-24T05:41:30,2009-05-24T20:41:15,1,Clear,Clear conditions throughout the day.,clear-day,"16170099999,16172099999"
"43.461669783333335, 11.43091450256181",2009-05-25,34.1,15.8,25.1,32.8,15.8,24.6,13.1,53.17,0,,0,,,,,13.7,194.4,1018.2,3.1,11.1,,,,,2009-05-25T05:40:44,2009-05-25T20:42:11,0.01,Clear,Clear conditions throughout the day.,clear-day,"16170099999,16172099999,16204099999"
"43.461669783333335, 11.43091450256181",2009-05-26,33.1,15.8,24.2,31.6,15.8,23.7,11.8,50.45,0,,0,,,,,27.7,197.9,1014.5,4.6,11,,,,,2009-05-26T05:40:01,2009-05-26T20:43:07,0.03,Clear,Clear conditions throughout the day.,clear-day,"16170099999,16172099999,16204099999"
"43.461669783333335, 11.43091450256181",2009-05-27,29.1,16,22.1,28.6,16,22,13.1,58.89,12.98,,4.17,,,,,33.5,187.5,1014.7,39.7,11.1,,,,,2009-05-27T05:39:19,2009-05-27T20:44:02,0.06,"Rain, Partially cloudy",Partly cloudy throughout the day with late afternoon rain.,rain,"16170099999,16172099999,16204099999"
"43.461669783333335, 11.43091450256181",2009-05-28,26.1,17.1,20.9,26.1,17.1,21,7.9,45.47,0,,0,,,,,25.1,65.8,1020.1,16.3,11.6,,,,,2009-05-28T05:38:39,2009-05-28T20:44:55,0.11,Clear,Clear conditions throughout the day.,clear-day,"16170099999,16172099999,16204099999"
"43.461669783333335, 11.43091450256181",2009-05-29,27,11.3,19.7,26.6,11.3,19.7,5.6,42.17,0,,0,,,,,40.5,142.3,1017.9,34.4,11.7,,,,,2009-05-29T05:38:02,2009-05-29T20:45:47,0.16,Partially cloudy,Partly cloudy throughout the day.,partly-cloudy-day,"16170099999,16172099999,16204099999"
"43.461669783333335, 11.43091450256181",2009-05-30,25.3,10.8,18.3,25.3,10.8,18.3,4.6,44.26,0.62,,4.17,,,,,14.5,147.4,1018.9,38.2,11.6,,,,,2009-05-30T05:37:26,2009-05-30T20:46:38,0.22,"Rain, Partially cloudy",Partly cloudy throughout the day with early morning rain.,rain,"16170099999,16172099999"
"43.461669783333335, 11.43091450256181",2009-05-31,17.8,15.6,16.5,17.8,15.6,16.5,11.4,72.35,14.75,,8.33,,,,,11.2,116,1017.4,78.5,9.7,,,,,2009-05-31T05:36:53,2009-05-31T20:47:28,0.27,"Rain, Partially cloudy",Partly cloudy throughout the day with rain.,rain,"16170099999,16136099999,16172099999"
"43.461669783333335, 11.43091450256181",2009-06-01,16.4,14.8,15.7,16.4,14.8,15.7,12.8,83.35,18.28,,16.67,,,,,16.4,82.9,1012.2,85.2,8.7,,,,,2009-06-01T05:36:21,2009-06-01T20:48:16,0.32,"Rain, Partially cloudy",Partly cloudy throughout the day with a chance of rain throughout the day.,rain,"16170099999,16172099999,16204099999"
"43.461669783333335, 11.43091450256181",2009-06-02,23.8,15.1,19.2,23.8,15.1,19.2,7.3,48.5,3.68,,4.17,,,,,22.7,37.9,1009.4,58.7,11.7,,,,,2009-06-02T05:35:52,2009-06-02T20:49:03,0.37,"Rain, Partially cloudy",Partly cloudy throughout the day with early morning rain.,rain,"16170099999,16172099999"
"43.461669783333335, 11.43091450256181",2009-06-03,24.8,12.1,18.8,24.8,12.1,18.8,11.5,64.62,0,,0,,,,,22.4,219.3,1011.2,25.8,11.4,,,,,2009-06-03T05:35:25,2009-06-03T20:49:49,0.41,Partially cloudy,Partly cloudy throughout the day.,partly-cloudy-day,"16170099999,16172099999,16204099999"
"43.461669783333335, 11.43091450256181",2009-06-04,25.9,13.6,20.1,25.9,13.6,20.1,12.9,66.61,0,,0,,,,,18.5,201.4,1010,31.6,11.2,,,,,2009-06-04T05:35:00,2009-06-04T20:50:33,0.45,Partially cloudy,Partly cloudy throughout the day.,partly-cloudy-day,"16170099999,16172099999,16204099999"
"43.461669783333335, 11.43091450256181",2009-06-05,25.5,14.2,20.3,25.5,14.2,20.3,12.1,62.28,0,,0,,,,,17.6,174.7,1010.1,47.3,10.7,,,,,2009-06-05T05:34:38,2009-06-05T20:51:16,0.48,Partially cloudy,Partly cloudy throughout the day.,partly-cloudy-day,"16170099999,16172099999,16204099999"
"43.461669783333335, 11.43091450256181",2009-06-06,25.5,18.7,22.2,25.5,18.7,22.2,12.4,54.07,0,,0,,,,,37.2,168.8,1006,72.4,11,,,,,2009-06-06T05:34:17,2009-06-06T20:51:57,0.49,Partially cloudy,Partly cloudy throughout the day.,partly-cloudy-day,"16170099999,16172099999"
"43.461669783333335, 11.43091450256181",2009-06-07,22.3,14.9,18.8,22.3,14.9,18.8,14.7,77.56,14.05,,8.33,,,,,21.3,184.7,1009.5,61.8,11,,,,,2009-06-07T05:33:59,2009-06-07T20:52:36,0.5,"Rain, Partially cloudy",Partly cloudy throughout the day with rain.,rain,"16170099999,16172099999"
"43.461669783333335, 11.43091450256181",2009-06-08,25.9,11.8,19,25.9,11.8,19,12.3,68.94,0,,0,,,,,17.1,178.8,1013.6,30.3,10.6,,,,,2009-06-08T05:33:43,2009-06-08T20:53:14,0.5,Partially cloudy,Partly cloudy throughout the day.,partly-cloudy-day,"16170099999,16172099999,16204099999"
"43.461669783333335, 11.43091450256181",2009-06-09,25,12.8,19.5,25,12.8,19.5,12.4,66,0,,0,,,,,16.2,197.9,1015.8,39,11.6,,,,,2009-06-09T05:33:29,2009-06-09T20:53:50,0.52,Partially cloudy,Partly cloudy throughout the day.,partly-cloudy-day,"16170099999,16172099999,16204099999"
"43.461669783333335, 11.43091450256181",2009-06-10,25.3,15.2,20.2,25.3,15.2,20.2,12,62.46,0,,0,,,,,18.8,219.5,1018.6,36.4,11.7,,,,,2009-06-10T05:33:17,2009-06-10T20:54:24,0.53,Partially cloudy,Partly cloudy throughout the day.,partly-cloudy-day,"16170099999,16172099999,16204099999"
"43.461669783333335, 11.43091450256181",2009-06-11,26.5,13.4,20.3,26.5,13.4,20.3,11.8,60.97,0,,0,,,,,24.6,192.9,1018.1,22.9,11.7,,,,,2009-06-11T05:33:07,2009-06-11T20:54:57,0.56,Partially cloudy,Partly cloudy throughout the day.,partly-cloudy-day,"16170099999,16172099999,16204099999"
"43.461669783333335, 11.43091450256181",2009-06-12,30.1,14.9,22.8,29,14.9,22.6,13.6,59.73,0,,0,,,,,20.5,207.4,1016.2,11,11.5,,,,,2009-06-12T05:33:00,2009-06-12T20:55:28,0.6,Clear,Clear conditions throughout the day.,clear-day,"16170099999,16172099999,16204099999"
"43.461669783333335, 11.43091450256181",2009-06-13,32.3,15.3,24.3,30.9,15.3,23.9,12.8,53.08,0,,0,,,,,11.2,180.9,1016.8,5.4,11.1,,,,,2009-06-13T05:32:55,2009-06-13T20:55:57,0.64,Clear,Clear conditions throughout the day.,clear-day,"16170099999,16172099999"
"43.461669783333335, 11.43091450256181",2009-06-14,33.7,15.7,25,32.9,15.7,24.7,13.3,52.27,0,,0,,,,,12.5,198,1019.9,5.6,11.1,,,,,2009-06-14T05:32:52,2009-06-14T20:56:24,0.68,Clear,Clear conditions throughout the day.,clear-day,"16170099999,16172099999"
"43.461669783333335, 11.43091450256181",2009-06-15,32.4,16.4,24.8,30.9,16.4,24.3,13,52.12,0,,0,,,,,20.5,186.8,1020.6,1.5,11.2,,,,,2009-06-15T05:32:51,2009-06-15T20:56:49,0.73,Clear,Clear conditions throughout the day.,clear-day,"16170099999,16172099999,16204099999"
"43.461669783333335, 11.43091450256181",2009-06-16,32.4,16.2,24,31.4,16.2,23.7,12.2,51.4,0,,0,,,,,21.2,187.4,1018.8,5.7,11.3,,,,,2009-06-16T05:32:52,2009-06-16T20:57:12,0.78,Clear,Clear conditions throughout the day.,clear-day,"16170099999,16172099999,16204099999"
"43.461669783333335, 11.43091450256181",2009-06-17,30.2,18,24,28.6,18,23.8,13.2,53.67,0,,0,,,,,10.5,139.3,1019,23.5,11.4,,,,,2009-06-17T05:32:56,2009-06-17T20:57:33,0.83,Partially cloudy,Becoming cloudy in the afternoon.,partly-cloudy-day,"16170099999,16172099999,16204099999"
"43.461669783333335, 11.43091450256181",2009-06-18,33.2,16,24.9,31.2,16,24.3,12,50.44,0,,0,,,,,13.7,140.4,1018.7,6.7,11.5,,,,,2009-06-18T05:33:01,2009-06-18T20:57:52,0.88,Clear,Clear conditions throughout the day.,clear-day,"16170099999,16172099999,16204099999"
"43.461669783333335, 11.43091450256181",2009-06-19,33.3,16.8,25.2,32.5,16.8,24.9,13.5,51.78,0,,0,,,,,26.1,198.7,1015,8.5,11.1,,,,,2009-06-19T05:33:09,2009-06-19T20:58:09,0.93,Clear,Clear conditions throughout the day.,clear-day,"16170099999,16172099999,16204099999"
"43.461669783333335, 11.43091450256181",2009-06-20,26.1,19.4,22.2,26.1,19.4,22.2,14.8,63.04,11.08,,8.33,,,,,24.1,83.7,1011.1,52.5,11.2,,,,,2009-06-20T05:33:19,2009-06-20T20:58:24,0.97,"Rain, Partially cloudy",Partly cloudy throughout the day with rain.,rain,"16170099999,16172099999"
"43.461669783333335, 11.43091450256181",2009-06-21,22.1,16.9,19.5,22.1,16.9,19.5,9.2,52.71,2.35,,4.17,,,,,30.8,48.3,1010.3,57.9,11.8,,,,,2009-06-21T05:33:30,2009-06-21T20:58:37,0.99,"Rain, Partially cloudy",Partly cloudy throughout the day with morning rain.,rain,"16170099999,16172099999"
"43.461669783333335, 11.43091450256181",2009-06-22,21.7,12,16.9,21.7,12,16.9,8.6,60.94,1.46,,4.17,,,,,23.1,198.6,1012,34.7,11.5,,,,,2009-06-22T05:33:44,2009-06-22T20:58:48,1,"Rain, Partially cloudy",Partly cloudy throughout the day with late afternoon rain.,rain,"16170099999,16172099999,16204099999"
"43.461669783333335, 11.43091450256181",2009-06-23,22.2,11.4,16.6,22.2,11.4,16.7,7.5,59.08,0,,0,,,,,13.7,164,1010.3,73.4,11.8,,,,,2009-06-23T05:34:00,2009-06-23T20:58:57,0,Partially cloudy,Partly cloudy throughout the day.,partly-cloudy-day,"16170099999,16172099999,16204099999"
"43.461669783333335, 11.43091450256181",2009-06-24,24.2,12.1,18,24.2,12.1,18,9.9,61.37,0,,0,,,,,7.6,228.5,1009.4,59.9,11.8,,,,,2009-06-24T05:34:18,2009-06-24T20:59:03,0.02,Partially cloudy,Partly cloudy throughout the day.,partly-cloudy-day,"16170099999,16172099999,16204099999"
"43.461669783333335, 11.43091450256181",2009-06-25,26.3,14.6,20.3,26.3,14.6,20.3,13.3,66.13,0,,0,,,,,22.6,218.8,1009.4,40.2,11.5,,,,,2009-06-25T05:34:38,2009-06-25T20:59:08,0.05,Partially cloudy,Partly cloudy throughout the day.,partly-cloudy-day,"16170099999,16172099999,16204099999"
"43.461669783333335, 11.43091450256181",2009-06-26,22.7,17.2,20.1,22.7,17.2,20.1,16.5,79.83,13.39,,8.33,,,,,8.7,185.4,1009.6,65.8,10.3,,,,,2009-06-26T05:35:00,2009-06-26T20:59:10,0.1,"Rain, Partially cloudy",Partly cloudy throughout the day with rain.,rain,"16170099999,16172099999,16204099999"
"43.461669783333335, 11.43091450256181",2009-06-27,26.7,16.2,20.3,26.7,16.2,20.4,16.8,81.77,0,,0,,,,,12.7,154.9,1010.9,69.9,9.7,,,,,2009-06-27T05:35:23,2009-06-27T20:59:10,0.14,Partially cloudy,Partly cloudy throughout the day.,partly-cloudy-day,"16170099999,16172099999"
"43.461669783333335, 11.43091450256181",2009-06-28,29.4,13.1,21.6,29.2,13.1,21.6,15.5,71.75,5.39,,4.35,,,,,9.4,211.4,1011.9,29.4,10.6,,,,,2009-06-28T05:35:49,2009-06-28T20:59:08,0.2,"Rain, Partially cloudy",Partly cloudy throughout the day with late afternoon rain.,rain,"16170099999,16172099999"
"43.461669783333335, 11.43091450256181",2009-06-29,29.1,17,22.1,29.2,17,22.2,16.6,73.49,0,,0,,,,,15,193.8,1013.7,42.2,9.8,,,,,2009-06-29T05:36:16,2009-06-29T20:59:03,0.25,Partially cloudy,Partly cloudy throughout the day.,partly-cloudy-day,"16170099999,16172099999,16204099999"
"43.461669783333335, 11.43091450256181",2009-06-30,28.6,16.9,22.6,29,16.9,22.7,16.5,71.57,0,,0,,,,,11.7,148,1015.5,40.4,10.9,,,,,2009-06-30T05:36:45,2009-06-30T20:58:56,0.31,Partially cloudy,Partly cloudy throughout the day.,partly-cloudy-day,"16170099999,16172099999,16204099999"
"43.461669783333335, 11.43091450256181",2009-07-01,28.6,16.6,23.2,28.9,16.6,23.4,16.3,67.34,3.14,,4.17,,,,,11.2,170.5,1016.6,25.7,11.2,,,,,2009-07-01T05:37:16,2009-07-01T20:58:47,0.35,"Rain, Partially cloudy",Partly cloudy throughout the day with late afternoon rain.,rain,"16170099999,16172099999,16204099999"
"43.461669783333335, 11.43091450256181",2009-07-02,28.6,16.6,22.8,28.2,16.6,22.8,16.4,69.41,0,,0,,,,,17.8,106.5,1016,25.1,10.7,,,,,2009-07-02T05:37:49,2009-07-02T20:58:36,0.4,Partially cloudy,Partly cloudy throughout the day.,partly-cloudy-day,"16170099999,16172099999,16204099999"
"43.461669783333335, 11.43091450256181",2009-07-03,31.2,18,24.2,31.7,18,24.4,17.4,69.07,0,,0,,,,,17.7,194.7,1012.5,27.8,10.2,,,,,2009-07-03T05:38:23,2009-07-03T20:58:23,0.43,Partially cloudy,Partly cloudy throughout the day.,partly-cloudy-day,"16170099999,16172099999,16204099999"
"43.461669783333335, 11.43091450256181",2009-07-04,31.7,18.2,23.9,32.6,18.2,24.2,18.3,73.15,18.46,,4.17,,,,,22.7,185.7,1010.3,27.7,9.3,,,,,2009-07-04T05:38:59,2009-07-04T20:58:07,0.46,"Rain, Partially cloudy",Partly cloudy throughout the day with late afternoon rain.,rain,"16170099999,16172099999"
"43.461669783333335, 11.43091450256181",2009-07-05,28.6,20.2,23.7,30,20.2,23.9,18.8,75.21,14.71,,4.17,,,,,14.9,203.4,1009.2,53.1,10.1,,,,,2009-07-05T05:39:37,2009-07-05T20:57:49,0.48,"Rain, Partially cloudy",Partly cloudy throughout the day with morning rain.,rain,"16170099999,16172099999"
"43.461669783333335, 11.43091450256181",2009-07-06,29.1,19.4,23.8,30.2,19.4,24.1,18.2,72.45,0.19,,4.17,,,,,15.9,192.5,1008.8,47.6,9.9,,,,,2009-07-06T05:40:16,2009-07-06T20:57:29,0.5,"Rain, Partially cloudy",Partly cloudy throughout the day with afternoon rain.,rain,"16170099999,16172099999,16204099999"
"43.461669783333335, 11.43091450256181",2009-07-07,30.1,18.2,24.3,29.3,18.2,24.2,15.6,62.46,0,,0,,,,,25.6,201.5,1009.2,33.4,11.3,,,,,2009-07-07T05:40:57,2009-07-07T20:57:07,0.5,Partially cloudy,Partly cloudy throughout the day.,partly-cloudy-day,"16170099999,16172099999,16204099999"
"43.461669783333335, 11.43091450256181",2009-07-08,28.3,19,23.4,27.3,19,23.3,13.1,56.1,0,,0,,,,,22.2,220,1010.5,26,11.5,,,,,2009-07-08T05:41:39,2009-07-08T20:56:43,0.51,Partially cloudy,Partly cloudy throughout the day.,partly-cloudy-day,"16170099999,16172099999,16204099999"
"43.461669783333335, 11.43091450256181",2009-07-09,29.9,15.6,22,28.6,15.6,21.8,12.8,60.19,0,,0,,,,,19.4,225.6,1012.9,28.2,11.4,,,,,2009-07-09T05:42:22,2009-07-09T20:56:16,0.52,Partially cloudy,Partly cloudy throughout the day.,partly-cloudy-day,"16170099999,16172099999,16204099999"
"43.461669783333335, 11.43091450256181",2009-07-10,26.7,14.3,21.7,26.7,14.3,21.7,12.8,60.22,0,,0,,,,,19,240.8,1012.4,37.5,11.4,,,,,2009-07-10T05:43:07,2009-07-10T20:55:47,0.54,Partially cloudy,Becoming cloudy in the afternoon.,partly-cloudy-day,"16170099999,16172099999,16204099999"
"43.461669783333335, 11.43091450256181",2009-07-11,28.1,14.1,20.4,27.2,14.1,20.3,12.3,63.25,0,,0,,,,,16.6,81,1014.5,27.1,11.3,,,,,2009-07-11T05:43:53,2009-07-11T20:55:16,0.57,Partially cloudy,Becoming cloudy in the afternoon.,partly-cloudy-day,"16170099999,16172099999"
"43.461669783333335, 11.43091450256181",2009-07-12,30.1,13.6,22,28.9,13.6,21.8,12.3,58.79,0,,0,,,,,19.5,230.3,1016.4,13.4,11.2,,,,,2009-07-12T05:44:41,2009-07-12T20:54:43,0.61,Clear,Clear conditions throughout the day.,clear-day,"16170099999,16172099999"
"43.461669783333335, 11.43091450256181",2009-07-13,31,15.6,24.1,30.6,15.6,24,14.9,59.84,0,,0,,,,,12.1,226.9,1016.9,12.8,11.7,,,,,2009-07-13T05:45:30,2009-07-13T20:54:07,0.66,Clear,Clear conditions throughout the day.,clear-day,"16170099999,16172099999,16204099999"
"43.461669783333335, 11.43091450256181",2009-07-14,33.7,17.2,25.8,33.2,17.2,25.5,15,56.1,0,,0,,,,,10.7,177.8,1016.6,1.7,11.1,,,,,2009-07-14T05:46:19,2009-07-14T20:53:30,0.71,Clear,Clear conditions throughout the day.,clear-day,"16170099999,16172099999,16204099999"
"43.461669783333335, 11.43091450256181",2009-07-15,34,18.2,26,33.4,18.2,25.7,14.2,51.6,0,,0,,,,,18.4,187.9,1018.3,2.7,11.2,,,,,2009-07-15T05:47:10,2009-07-15T20:52:50,0.76,Clear,Clear conditions throughout the day.,clear-day,"16170099999,16172099999,16204099999"
"43.461669783333335, 11.43091450256181",2009-07-16,36,18.2,27.4,34.8,18.2,27,14.5,50.07,0,,0,,,,,10.2,177,1018.2,4.6,11.4,,,,,2009-07-16T05:48:03,2009-07-16T20:52:09,0.81,Clear,Clear conditions throughout the day.,clear-day,"16170099999,16172099999,16204099999"
"43.461669783333335, 11.43091450256181",2009-07-17,34.7,19.2,26.8,34.1,19.2,26.8,16.9,59.04,0,,0,,,,,21.3,199.2,1012.6,11.1,10.9,,,,,2009-07-17T05:48:56,2009-07-17T20:51:25,0.86,Clear,Clear conditions throughout the day.,clear-day,"16170099999,16172099999,16204099999"
"43.461669783333335, 11.43091450256181",2009-07-18,25.4,18.7,22.8,25.4,18.7,22.8,12.1,54.35,7.32,,8.33,,,,,37.1,238.7,1009.8,53.7,11.3,,,,,2009-07-18T05:49:50,2009-07-18T20:50:39,0.91,"Rain, Partially cloudy",Partly cloudy throughout the day with rain clearing later.,rain,"16170099999,16172099999"
"43.461669783333335, 11.43091450256181",2009-07-19,29.4,13.6,22.1,28,13.6,21.8,11.2,55.75,0,,0,,,,,13.2,205,1017.2,4,11.3,,,,,2009-07-19T05:50:45,2009-07-19T20:49:52,0.95,Clear,Clear conditions throughout the day.,clear-day,"16170099999,16172099999"
"43.461669783333335, 11.43091450256181",2009-07-20,29.7,13.6,22,28.7,13.6,21.8,12,56.77,0,,0,,,,,17,202,1020,13.1,11.9,,,,,2009-07-20T05:51:41,2009-07-20T20:49:02,0.99,Clear,Clear conditions throughout the day.,clear-day,"16170099999,16172099999,16204099999"
"43.461669783333335, 11.43091450256181",2009-07-21,31.5,14.6,23.1,30.6,14.6,22.8,12.9,57.31,0,,0,,,,,14.3,215.3,1019.7,8.4,11.1,,,,,2009-07-21T05:52:38,2009-07-21T20:48:10,1,Clear,Clear conditions throughout the day.,clear-day,"16170099999,16172099999,16204099999"
"43.461669783333335, 11.43091450256181",2009-07-22,34.4,15.2,25.1,32.6,15.2,24.5,11.8,49.76,0,,0,,,,,14.8,198.3,1018.2,1.7,11.1,,,,,2009-07-22T05:53:35,2009-07-22T20:47:17,0,Clear,Clear conditions throughout the day.,clear-day,"16170099999,16172099999,16204099999"
"43.461669783333335, 11.43091450256181",2009-07-23,36.2,16.2,26.7,34.2,16.2,25.8,10.5,43.37,0,,0,,,,,21.9,163.8,1015.8,0.2,11.4,,,,,2009-07-23T05:54:34,2009-07-23T20:46:21,0.01,Clear,Clear conditions throughout the day.,clear-day,"16170099999,16172099999,16204099999"
"43.461669783333335, 11.43091450256181",2009-07-24,36.3,18.8,27.4,37.1,18.8,27.5,13.9,45.14,0,,0,,,,,25.2,194.2,1014.5,0.2,11.2,,,,,2009-07-24T05:55:33,2009-07-24T20:45:24,0.04,Clear,Clear conditions throughout the day.,clear-day,"16170099999,16172099999,16204099999"
"43.461669783333335, 11.43091450256181",2009-07-25,33.1,20.4,26.9,30.8,20.4,26.4,14.3,52.9,0,,0,,,,,24.6,191.8,1015.2,14.5,12,,,,,2009-07-25T05:56:33,2009-07-25T20:44:25,0.08,Clear,Clear conditions throughout the day.,clear-day,"16170099999,16172099999"
"43.461669783333335, 11.43091450256181",2009-07-26,32.8,18.2,26.5,31.3,18.2,25.9,13.2,48.34,0,,0,,,,,13.4,108.3,1018,9.1,11.4,,,,,2009-07-26T05:57:33,2009-07-26T20:43:24,0.13,Clear,Clear conditions throughout the day.,clear-day,"16170099999,16172099999"
"43.461669783333335, 11.43091450256181",2009-07-27,34.4,17.2,26.5,32.5,17.2,25.9,12.4,46.04,0,,0,,,,,31.2,204.5,1017,1.9,11.4,,,,,2009-07-27T05:58:34,2009-07-27T20:42:21,0.18,Clear,Clear conditions throughout the day.,clear-day,"16170099999,16172099999,16204099999"
"43.461669783333335, 11.43091450256181",2009-07-28,34.7,17.2,26,33,17.2,25.5,12.3,46.06,0,,0,,,,,15.5,193.3,1016,3.3,11,,,,,2009-07-28T05:59:36,2009-07-28T20:41:16,0.23,Clear,Clear conditions throughout the day.,clear-day,"16170099999,16172099999,16204099999"
"43.461669783333335, 11.43091450256181",2009-07-29,35.8,16.2,26.2,34,16.2,25.7,12.4,47.94,0,,0,,,,,16.1,146.1,1016.7,2.6,11.3,,,,,2009-07-29T06:00:38,2009-07-29T20:40:10,0.28,Clear,Clear conditions throughout the day.,clear-day,"16170099999,16172099999,16204099999"
"43.461669783333335, 11.43091450256181",2009-07-30,36,18.8,27.4,33.8,18.8,26.8,12.7,45.41,0,,0,,,,,11.6,173.4,1015.7,6.1,10.9,,,,,2009-07-30T06:01:41,2009-07-30T20:39:02,0.33,Clear,Clear conditions throughout the day.,clear-day,"16170099999,16172099999,16204099999"
"43.461669783333335, 11.43091450256181",2009-07-31,35.7,17.8,26.9,33.8,17.8,26.3,13,47.25,0,,0,,,,,16.1,156.1,1015.5,11.5,11.3,,,,,2009-07-31T06:02:44,2009-07-31T20:37:53,0.37,Clear,Clear conditions throughout the day.,clear-day,"16170099999,16172099999,16204099999"
"43.461669783333335, 11.43091450256181",2009-08-01,35.4,17.8,26.7,33.6,17.8,26.2,13,47.4,0,,0,,,,,18.4,166,1014.5,3.6,11.4,,,,,2009-08-01T06:03:47,2009-08-01T20:36:41,0.41,Clear,Clear conditions throughout the day.,clear-day,"16170099999,16172099999"
"43.461669783333335, 11.43091450256181",2009-08-02,34.3,17.4,26,33.7,17.4,26,15.1,54.42,0,,0,,,,,20.9,196.2,1013.8,11.2,10.9,,,,,2009-08-02T06:04:51,2009-08-02T20:35:29,0.45,Clear,Clear conditions throughout the day.,clear-day,"16170099999,16172099999"
"43.461669783333335, 11.43091450256181",2009-08-03,25.5,18.6,22.8,25.5,18.6,22.8,17.5,73.01,1.23,,4.17,,,,,13.7,208,1012.5,54.5,10.8,,,,,2009-08-03T06:05:56,2009-08-03T20:34:14,0.47,"Rain, Partially cloudy",Partly cloudy throughout the day with afternoon rain.,rain,"16170099999,16172099999,16204099999"
"43.461669783333335, 11.43091450256181",2009-08-04,27.3,17.1,22.5,26.8,17.1,22.4,13.6,61.05,0.62,,4.17,,,,,12.5,159.3,1012.2,45.3,11.5,,,,,2009-08-04T06:07:00,2009-08-04T20:32:59,0.49,"Rain, Partially cloudy",Partly cloudy throughout the day with early morning rain.,rain,"16170099999,16172099999,16204099999"
"43.461669783333335, 11.43091450256181",2009-08-05,30.1,16.2,23.8,29,16.2,23.5,12.2,51.41,0,,0,,,,,14.2,92.8,1015,18.4,12,,,,,2009-08-05T06:08:05,2009-08-05T20:31:41,0.5,Clear,Clear conditions throughout the day.,clear-day,"16170099999,16172099999,16204099999"
"43.461669783333335, 11.43091450256181",2009-08-06,32.1,16.2,24.2,30.9,16.2,23.8,12.7,52.44,0,,0,,,,,13.8,99.9,1015.2,13.9,11.7,,,,,2009-08-06T06:09:10,2009-08-06T20:30:23,0.5,Clear,Clear conditions throughout the day.,clear-day,"16170099999,16172099999,16204099999"
"43.461669783333335, 11.43091450256181",2009-08-07,32.9,17.2,25.7,31.6,17.2,25.2,13,48.91,0,,0,,,,,14.8,103.6,1014.2,19,11.4,,,,,2009-08-07T06:10:16,2009-08-07T20:29:02,0.52,Clear,Clear conditions throughout the day.,clear-day,"16170099999,16172099999,16204099999"
"43.461669783333335, 11.43091450256181",2009-08-08,33,17.8,25.9,31.6,17.8,25.5,14.3,52.77,2.35,,4.17,,,,,14.8,88.9,1013.2,23.6,11.4,,,,,2009-08-08T06:11:22,2009-08-08T20:27:41,0.53,"Rain, Partially cloudy",Partly cloudy throughout the day with late afternoon rain.,rain,"16170099999,16172099999"
"43.461669783333335, 11.43091450256181",2009-08-09,32.1,21.1,25,32.3,21.1,25.2,18.6,69.74,9.85,,4.17,,,,,20.5,146.5,1014,44.6,10.9,,,,,2009-08-09T06:12:27,2009-08-09T20:26:18,0.56,"Rain, Partially cloudy",Partly cloudy throughout the day with late afternoon rain.,rain,"16170099999,16172099999"
"43.461669783333335, 11.43091450256181",2009-08-10,31.5,18.2,23.6,31.6,18.2,23.7,17.3,70.5,0,,0,,,,,18.7,188.4,1016,22.8,10.8,,,,,2009-08-10T06:13:33,2009-08-10T20:24:54,0.59,Partially cloudy,Becoming cloudy in the afternoon.,partly-cloudy-day,"16170099999,16172099999,16204099999"
"43.461669783333335, 11.43091450256181",2009-08-11,31.1,19.1,24.4,31.9,19.1,24.4,17.4,68.59,0,,0,,,,,14.8,233,1016.2,37.1,10.1,,,,,2009-08-11T06:14:40,2009-08-11T20:23:29,0.64,Partially cloudy,Partly cloudy throughout the day.,partly-cloudy-day,"16170099999,16172099999,16204099999"
"43.461669783333335, 11.43091450256181",2009-08-12,33.6,18,25.7,31.6,18,25.2,14.4,57.02,0,,0,,,,,11.3,133.4,1016.1,11.6,11,,,,,2009-08-12T06:15:46,2009-08-12T20:22:02,0.69,Clear,Clear conditions throughout the day.,clear-day,"16170099999,16172099999,16204099999"
"43.461669783333335, 11.43091450256181",2009-08-13,32,19.2,25.5,31.6,19.2,25.4,15.8,57.65,0,,0,,,,,31.3,162.7,1014.5,23.3,11.1,,,,,2009-08-13T06:16:52,2009-08-13T20:20:34,0.74,Partially cloudy,Partly cloudy throughout the day.,partly-cloudy-day,"16170099999,16172099999,16204099999"
"43.461669783333335, 11.43091450256181",2009-08-14,33.4,18.4,25.6,32.5,18.4,25.4,15.9,59.96,0,,0,,,,,22.3,177.2,1014.4,10.2,11.1,,,,,2009-08-14T06:17:59,2009-08-14T20:19:05,0.79,Clear,Clear conditions throughout the day.,clear-day,"16170099999,16172099999,16204099999"
"43.461669783333335, 11.43091450256181",2009-08-15,34.8,18.8,26.9,33.8,18.8,26.5,15.3,55.16,0,,0,,,,,10.5,190.7,1017,5.9,11.4,,,,,2009-08-15T06:19:06,2009-08-15T20:17:35,0.85,Clear,Clear conditions throughout the day.,clear-day,"16170099999,16172099999"
"43.461669783333335, 11.43091450256181",2009-08-16,35.4,18.8,27.4,33.9,18.8,26.7,13.4,48.33,0,,0,,,,,11.9,204,1016.7,9.7,11.1,,,,,2009-08-16T06:20:12,2009-08-16T20:16:04,0.9,Clear,Clear conditions throughout the day.,clear-day,"16170099999,16172099999"
"43.461669783333335, 11.43091450256181",2009-08-17,33.4,18.2,25.1,32.5,18.2,25,14.7,54.92,0.19,,4.17,,,,,13,181.3,1015.7,21.5,11,,,,,2009-08-17T06:21:19,2009-08-17T20:14:31,0.94,"Rain, Partially cloudy",Becoming cloudy in the afternoon with late afternoon rain.,rain,"16170099999,16172099999,16204099999"
"43.461669783333335, 11.43091450256181",2009-08-18,36.4,16.1,26.6,34.3,16.1,26.1,14.3,54.4,0,,0,,,,,13.7,146.5,1016.3,7.6,11.5,,,,,2009-08-18T06:22:26,2009-08-18T20:12:58,0.98,Clear,Clear conditions throughout the day.,clear-day,"16170099999,16172099999,16204099999"
"43.461669783333335, 11.43091450256181",2009-08-19,37.3,19.2,28.3,35.4,19.2,27.6,13.2,45.65,0,,0,,,,,15.5,94.5,1018.9,8.7,11.7,,,,,2009-08-19T06:23:32,2009-08-19T20:11:23,1,Clear,Clear conditions throughout the day.,clear-day,"16170099999,16172099999,16204099999"
"43.461669783333335, 11.43091450256181",2009-08-20,37.6,18.6,28.5,35.2,18.6,27.7,12.8,44.1,0,,0,,,,,17.3,141.2,1019.7,9.3,11.5,,,,,2009-08-20T06:24:39,2009-08-20T20:09:48,0,Clear,Clear conditions throughout the day.,clear-day,"16170099999,16172099999,16204099999"
"43.461669783333335, 11.43091450256181",2009-08-21,38.1,19.2,28.5,36.1,19.2,27.8,12.8,43.77,0,,0,,,,,21.9,195.6,1017.4,10.2,11.3,,,,,2009-08-21T06:25:46,2009-08-21T20:08:12,0.01,Clear,Clear conditions throughout the day.,clear-day,"16170099999,16172099999,16204099999"
"43.461669783333335, 11.43091450256181",2009-08-22,35.1,15.1,26.9,33.9,15.1,26.5,13.9,48.76,0,,0,,,,,18.8,204.8,1015,7.9,10.9,,,,,2009-08-22T06:26:53,2009-08-22T20:06:35,0.03,Clear,Clear conditions throughout the day.,clear-day,"16170099999,16172099999"
"43.461669783333335, 11.43091450256181",2009-08-23,33.2,20.6,27.1,32.8,20.6,27.1,17,57.72,0,,0,,,,,23.7,89.3,1014.3,10.7,11,,,,,2009-08-23T06:28:00,2009-08-23T20:04:57,0.06,Clear,Clear conditions throughout the day.,clear-day,"16170099999,16172099999"
"43.461669783333335, 11.43091450256181",2009-08-24,33.2,20.1,27.5,32.2,20.1,27.1,12.9,42.13,0,,0,,,,,16.6,127.9,1012.7,11.7,11.7,,,,,2009-08-24T06:29:07,2009-08-24T20:03:18,0.11,Clear,Clear conditions throughout the day.,clear-day,"16170099999,16172099999,16204099999"
"43.461669783333335, 11.43091450256181",2009-08-25,35.1,19.2,26.2,34.4,19.2,26.1,15.1,52.91,0,,0,,,,,18.8,207.8,1012.5,15.7,11.2,,,,,2009-08-25T06:30:13,2009-08-25T20:01:38,0.15,Clear,Clear conditions throughout the day.,clear-day,"16170099999,16172099999,16204099999"
"43.461669783333335, 11.43091450256181",2009-08-26,34,19.6,26.8,33.1,19.6,26.6,16.5,57.63,0,,0,,,,,13,179,1015.4,17.2,11.3,,,,,2009-08-26T06:31:20,2009-08-26T19:59:58,0.2,Clear,Clear conditions throughout the day.,clear-day,"16170099999,16172099999,16204099999"
"43.461669783333335, 11.43091450256181",2009-08-27,34,19.8,26.1,32.3,19.8,25.9,15.7,56.3,0,,0,,,,,20.6,179.3,1016.9,19.7,10.9,,,,,2009-08-27T06:32:27,2009-08-27T19:58:17,0.25,Clear,Clear conditions throughout the day.,clear-day,"16170099999,16172099999,16204099999"
"43.461669783333335, 11.43091450256181",2009-08-28,35.1,18.6,26.3,33.8,18.6,26.1,15.7,56.88,0.62,,4.17,,,,,22.3,173.5,1013.9,12.8,11.2,,,,,2009-08-28T06:33:34,2009-08-28T19:56:35,0.3,Rain,Clear conditions throughout the day with late afternoon rain.,rain,"16170099999,16172099999,16204099999"
"43.461669783333335, 11.43091450256181",2009-08-29,34.1,18.4,26.3,33.1,18.4,26.2,16.9,60.43,0,,0,,,,,21.9,185.1,1012,24.6,11.2,,,,,2009-08-29T06:34:40,2009-08-29T19:54:52,0.35,Partially cloudy,Partly cloudy throughout the day.,partly-cloudy-day,"16170099999,16172099999"
"43.461669783333335, 11.43091450256181",2009-08-30,30.3,19.1,24.7,29.6,19.1,24.6,15.9,60.75,0,,0,,,,,16.6,91.4,1015.4,19,11.3,,,,,2009-08-30T06:35:47,2009-08-30T19:53:09,0.39,Clear,Clear conditions throughout the day.,clear-day,"16170099999,16172099999"
"43.461669783333335, 11.43091450256181",2009-08-31,32.6,18.4,24.9,31.2,18.4,24.5,12.9,50.21,0,,0,,,,,13.7,138.7,1018.5,7.9,11.3,,,,,2009-08-31T06:36:54,2009-08-31T19:51:25,0.42,Clear,Clear conditions throughout the day.,clear-day,"16170099999,16172099999,16204099999"
"43.461669783333335, 11.43091450256181",2009-09-01,32.8,17.2,25.5,31.9,17.2,25.3,14.9,54.95,0,,0,,,,,14.8,194.8,1017.8,18.2,11.3,,,,,2009-09-01T06:38:00,2009-09-01T19:49:41,0.46,Clear,Clear conditions throughout the day.,clear-day,"16170099999,16172099999,16204099999"
"43.461669783333335, 11.43091450256181",2009-09-02,32.3,19.6,25.7,31.3,19.6,25.6,17,62.4,0,,0,,,,,15.9,182.3,1015.8,36.8,10.7,,,,,2009-09-02T06:39:07,2009-09-02T19:47:56,0.48,Partially cloudy,Partly cloudy throughout the day.,partly-cloudy-day,"16170099999,16172099999,16204099999"
"43.461669783333335, 11.43091450256181",2009-09-03,31.1,20.8,25.3,32,20.8,25.6,18.6,68.48,1.58,,4.17,,,,,28.6,202.6,1012.2,49.1,10.7,,,,,2009-09-03T06:40:13,2009-09-03T19:46:10,0.49,"Rain, Partially cloudy",Partly cloudy throughout the day with afternoon rain.,rain,"16170099999,16172099999,16204099999"
"43.461669783333335, 11.43091450256181",2009-09-04,31.5,21.8,26,30.9,21.8,26,17.1,61.56,0,,0,,,,,31.7,210.9,1010.4,44.6,11.1,,,,,2009-09-04T06:41:20,2009-09-04T19:44:25,0.5,Partially cloudy,Partly cloudy throughout the day.,partly-cloudy-day,"16170099999,16172099999,16204099999"
"43.461669783333335, 11.43091450256181",2009-09-05,31,17.6,24,29.2,17.6,23.6,13.2,56.3,0,,0,,,,,15,161.1,1012.7,21,11.7,,,,,2009-09-05T06:42:26,2009-09-05T19:42:38,0.51,Partially cloudy,Partly cloudy throughout the day.,partly-cloudy-day,"16170099999,16172099999"
"43.461669783333335, 11.43091450256181",2009-09-06,26.1,18.4,22,26.1,18.4,22,8.7,44.54,0,,0,,,,,77,120.2,1018.8,3.8,12.5,,,,,2009-09-06T06:43:33,2009-09-06T19:40:51,0.52,Clear,Clear conditions throughout the day.,wind,"16170099999,16172099999"
"43.461669783333335, 11.43091450256181",2009-09-07,25.2,15.2,20.2,25.2,15.2,20.2,6.6,42.74,0,,0,,,,,22.9,51,1021.6,6,11.8,,,,,2009-09-07T06:44:40,2009-09-07T19:39:04,0.54,Clear,Clear conditions throughout the day.,clear-day,"16170099999,16172099999,16204099999"
"43.461669783333335, 11.43091450256181",2009-09-08,25.7,12.4,19.5,25.7,12.4,19.5,6.7,45.5,0,,0,,,,,26.4,58.3,1021.3,8.1,11.4,,,,,2009-09-08T06:45:46,2009-09-08T19:37:17,0.57,Clear,Clear conditions throughout the day.,clear-day,"16170099999,16172099999,16204099999"
"43.461669783333335, 11.43091450256181",2009-09-09,25.6,12.8,19.9,25.6,12.8,19.9,8.8,51.47,0,,0,,,,,18.2,99.2,1019.8,20.4,11.4,,,,,2009-09-09T06:46:53,2009-09-09T19:35:29,0.62,Partially cloudy,Partly cloudy throughout the day.,partly-cloudy-day,"16170099999,16172099999,16204099999"
"43.461669783333335, 11.43091450256181",2009-09-10,26,13.4,20.1,26,13.4,20.1,10.6,56.52,0,,0,,,,,20.3,104.9,1019.9,30.8,11.2,,,,,2009-09-10T06:47:59,2009-09-10T19:33:41,0.67,Partially cloudy,Partly cloudy throughout the day.,partly-cloudy-day,"16170099999,16172099999,16204099999"
"43.461669783333335, 11.43091450256181",2009-09-11,28.1,14,21,27.3,14,21,11,55.6,1.58,,4.17,,,,,24.1,83.1,1017.6,20,11,,,,,2009-09-11T06:49:06,2009-09-11T19:31:52,0.72,Rain,Becoming cloudy in the afternoon with late afternoon rain.,rain,"16170099999,16172099999,16204099999"
"43.461669783333335, 11.43091450256181",2009-09-12,28.1,16.2,22,27.4,16.2,22,12.6,57.05,0,,0,,,,,27.7,84.8,1014.7,27.3,10.8,,,,,2009-09-12T06:50:12,2009-09-12T19:30:03,0.78,Partially cloudy,Partly cloudy throughout the day.,partly-cloudy-day,"16170099999,16172099999"
"43.461669783333335, 11.43091450256181",2009-09-13,26.2,13.2,20.8,26.2,13.2,20.8,12.2,59.75,0.19,,4.17,,,,,12.7,136.9,1013.7,51.9,10.9,,,,,2009-09-13T06:51:19,2009-09-13T19:28:14,0.83,"Rain, Partially cloudy",Partly cloudy throughout the day with late afternoon rain.,rain,"16170099999,16172099999"
"43.461669783333335, 11.43091450256181",2009-09-14,20.1,13.6,16.4,20.1,13.6,16.4,14,86.11,15.71,,12.5,,,,,13.8,227.6,1010.7,51.8,9.9,,,,,2009-09-14T06:52:26,2009-09-14T19:26:25,0.89,"Rain, Partially cloudy",Partly cloudy throughout the day with rain.,rain,"16170099999,16172099999,16204099999"
"43.461669783333335, 11.43091450256181",2009-09-15,22.4,14.1,18.2,22.4,14.1,18.2,15.1,83.04,0.31,,4.17,,,,,10.4,146.5,1013.4,65.3,10.3,,,,,2009-09-15T06:53:32,2009-09-15T19:24:36,0.93,"Rain, Partially cloudy",Partly cloudy throughout the day with early morning rain.,rain,"16170099999,16172099999,16204099999"
"43.461669783333335, 11.43091450256181",2009-09-16,23,16.5,19.3,23,16.5,19.3,16.8,85.66,26.78,,12.5,,,,,13,138.3,1009.9,69,9.2,,,,,2009-09-16T06:54:39,2009-09-16T19:22:46,0.97,"Rain, Partially cloudy",Partly cloudy throughout the day with rain.,rain,"16170099999,16172099999,16204099999"
"43.461669783333335, 11.43091450256181",2009-09-17,22.8,15.6,19.1,22.8,15.6,19.1,16.5,86.12,2.58,,8.33,,,,,11.3,222.7,1012,49,10.3,,,,,2009-09-17T06:55:46,2009-09-17T19:20:57,0.99,"Rain, Partially cloudy",Partly cloudy throughout the day with rain.,rain,"16170099999,16172099999,16204099999"
"43.461669783333335, 11.43091450256181",2009-09-18,25.1,15.1,19.5,25.1,15.1,19.5,14.8,76.7,0,,0,,,,,12.8,210.5,1016.7,36.7,9.7,,,,,2009-09-18T06:56:53,2009-09-18T19:19:07,1,Partially cloudy,Partly cloudy throughout the day.,partly-cloudy-day,"16170099999,16172099999,16204099999"
"43.461669783333335, 11.43091450256181",2009-09-19,26.8,14.2,20,26.6,14.2,19.9,14.1,72.51,0.49,,4.17,,,,,10.9,186.5,1017.3,41.1,11.2,,,,,2009-09-19T06:58:00,2009-09-19T19:17:18,0,"Rain, Partially cloudy",Partly cloudy throughout the day with late afternoon rain.,rain,"16170099999,16172099999"
"43.461669783333335, 11.43091450256181",2009-09-20,23.4,14.4,17.6,23.4,14.4,17.6,15.3,87.24,16.33,,12.5,,,,,18,175.5,1017,60.8,8.8,,,,,2009-09-20T06:59:07,2009-09-20T19:15:28,0.02,"Rain, Partially cloudy",Partly cloudy throughout the day with rain.,rain,"16170099999,16172099999"
"43.461669783333335, 11.43091450256181",2009-09-21,23.5,14.5,19,23.5,14.5,19,14.7,78.22,0.38,,4.17,,,,,23.8,61.2,1017.8,66.9,9.2,,,,,2009-09-21T07:00:15,2009-09-21T19:13:38,0.05,"Rain, Partially cloudy",Partly cloudy throughout the day with early morning rain.,rain,"16170099999,16172099999,16204099999"
"43.461669783333335, 11.43091450256181",2009-09-22,26.1,16.6,21.6,26.1,16.6,21.6,13.1,60.25,0,,0,,,,,17.9,94.3,1021.2,18.5,10.2,,,,,2009-09-22T07:01:22,2009-09-22T19:11:49,0.08,Clear,Clear conditions throughout the day.,clear-day,"16170099999,16172099999,16204099999"
"43.461669783333335, 11.43091450256181",2009-09-23,26.9,11.8,20,26.4,11.8,19.9,11.1,61.96,0.19,,4.17,,,,,14.7,95.1,1023,1.7,10.1,,,,,2009-09-23T07:02:30,2009-09-23T19:09:59,0.12,Rain,Clear conditions throughout the day with late afternoon rain.,rain,"16170099999,16172099999,16204099999"
"43.461669783333335, 11.43091450256181",2009-09-24,26.4,13.6,20.6,26.4,13.6,20.7,10.5,55.24,0,,0,,,,,21.6,77.2,1018.2,1.8,11.3,,,,,2009-09-24T07:03:37,2009-09-24T19:08:10,0.17,Clear,Clear conditions throughout the day.,clear-day,"16170099999,16172099999,16204099999"
"43.461669783333335, 11.43091450256181",2009-09-25,25.9,16.4,21,25.9,16.4,21,10,50.47,0,,0,,,,,18.4,112.9,1016.3,12,11.5,,,,,2009-09-25T07:04:45,2009-09-25T19:06:20,0.22,Clear,Clear conditions throughout the day.,clear-day,"16170099999,16172099999,16204099999"
"43.461669783333335, 11.43091450256181",2009-09-26,25.8,17.1,21.1,25.8,17.1,21.1,12,57.41,0,,0,,,,,21.2,108.6,1019.7,12.5,10.7,,,,,2009-09-26T07:05:53,2009-09-26T19:04:31,0.27,Clear,Clear conditions throughout the day.,clear-day,"16170099999,16172099999"
"43.461669783333335, 11.43091450256181",2009-09-27,26.8,16.1,21.2,26.5,16.1,21.2,11.5,55.84,0,,0,,,,,16.6,86.7,1021.5,8.7,10.6,,,,,2009-09-27T07:07:01,2009-09-27T19:02:42,0.31,Clear,Clear conditions throughout the day.,clear-day,"16170099999,16172099999"
"43.461669783333335, 11.43091450256181",2009-09-28,26.8,13.2,20.2,26.5,13.2,20.2,11.3,59.62,0,,0,,,,,8.5,212.7,1020.9,9.7,10,,,,,2009-09-28T07:08:10,2009-09-28T19:00:54,0.36,Clear,Clear conditions throughout the day.,clear-day,"16170099999,16172099999,16204099999"
"43.461669783333335, 11.43091450256181",2009-09-29,25.3,12.2,18.9,25.3,12.2,18.9,12.1,67.63,0,,0,,,,,11.4,188,1018.5,3.4,9.8,,,,,2009-09-29T07:09:18,2009-09-29T18:59:05,0.4,Clear,Clear conditions throughout the day.,clear-day,"16170099999,16172099999,16204099999"
"43.461669783333335, 11.43091450256181",2009-09-30,25.2,12,18.6,25.2,12,18.6,12,69.08,0,,0,,,,,11.6,223.7,1017.5,12.2,9.3,,,,,2009-09-30T07:10:27,2009-09-30T18:57:17,0.43,Clear,Clear conditions throughout the day.,clear-day,"16170099999,16172099999,16204099999"
